User_ID,User_Name,User_Phone,User_Email,User_Address,User_Country,User_Gender
U1000,Jessica Campos,(357) 838-5377,mauris.quis@icloud.edu,"U1004,Price Moss,(755) 377-9811,ante.vivamus.non@aol.com,238-2637 Nibh St.,Spain,Male",Vietnam,Female
U1001,Kylynn Craft,1-821-658-1979,a@protonmail.couk,"U1004,Price Moss,(755) 377-9811,ante.vivamus.non@aol.com,238-2637 Nibh St.,Spain,Male",Canada,Female
U1002,Kerry Snider,1-422-462-9779,eu.euismod.ac@yahoo.couk,4138 Nibh Street,United Kingdom,Female
U1003,Elliott Mosley,(612) 731-5114,orci.tincidunt@outlook.org,Ap #500-8900 Pede Street,Mexico,Male
U1004,Price Moss,(755) 377-9811,ante.vivamus.non@aol.com,238-2637 Nibh St.,Spain,Male
U1005,Rebekah Jenkins,(271) 735-1984,mauris.non@aol.ca,"U1004,Price Moss,(755) 377-9811,ante.vivamus.non@aol.com,238-2637 Nibh St.,Spain,Male",Brazil,Male
U1006,Melodie Rollins,(431) 207-6380,diam.pellentesque.habitant@yahoo.org,177 Aliquet Ave,Brazil,Male
U1007,Ramona Hull,(208) 173-1612,dui.cras@hotmail.com,1567 Orci. St.,United States,Male
U1008,Carson Holder,1-478-398-5117,tempor.diam.dictum@yahoo.com,212-5656 In Av.,France,Male
U1009,Boris Bradley,1-265-749-2611,enim.diam@protonmail.couk,"U1004,Price Moss,(755) 377-9811,ante.vivamus.non@aol.com,238-2637 Nibh St.,Spain,Male",India,Female
U1010,Nerea Spears,1-809-235-7181,laoreet@hotmail.edu,3260 Ultrices. St.,Indonesia,Female
U1011,Holmes Fletcher,(855) 246-2537,in.condimentum.donec@hotmail.com,"U1004,Price Moss,(755) 377-9811,ante.vivamus.non@aol.com,238-2637 Nibh St.,Spain,Male",United States,Male
U1012,Paki Cote,1-617-176-0036,lorem.semper@outlook.com,Ap #779-2890 Tellus Road,Costa Rica,Male
U1013,Caesar Austin,(678) 862-6483,sed.eu.nibh@hotmail.net,Ap #922-1381 Mauris Street,India,Female
U1014,Carter Joseph,(365) 312-4746,sit@aol.org,"U1004,Price Moss,(755) 377-9811,ante.vivamus.non@aol.com,238-2637 Nibh St.,Spain,Male",Germany,Female
U1015,Imani Noble,1-446-634-6247,et.arcu@hotmail.edu,478-2519 Quis Avenue,Russian Federation,Male
U1016,Curran Beasley,(634) 112-6037,iaculis.enim@yahoo.org,"U1004,Price Moss,(755) 377-9811,ante.vivamus.non@aol.com,238-2637 Nibh St.,Spain,Male",Poland,Male
U1017,Flynn Owens,(188) 558-7091,donec.luctus@icloud.ca,298-729 In St.,Vietnam,Female
U1018,Kennedy Barton,1-345-475-2138,urna.suscipit@outlook.edu,187-5869 Eleifend Ave,Indonesia,Male
U1019,Zenaida Rosa,1-489-288-8317,nam.nulla@icloud.com,3830 Varius Avenue,Turkey,Male
U1020,Ethan Kelly,1-427-501-3950,urna@aol.net,698-1125 Nec Rd.,Colombia,Male
U1021,Maris Cochran,(734) 517-5747,lorem.semper@hotmail.edu,Ap #530-196 Morbi Ave,United States,Female
U1022,Wilma Puckett,1-781-686-0781,integer.vulputate@outlook.net,8123 Leo. Av.,Costa Rica,Male
U1023,Inez Stevens,1-269-573-3675,egestas.lacinia.sed@google.couk,Ap #225-4082 Ultrices Avenue,China,Male
U1024,Brianna Bray,(691) 551-4085,proin.ultrices.duis@outlook.com,8300 Nulla Rd.,Brazil,Male
U1025,Beck Melton,(315) 707-6447,purus.sapien@hotmail.org,"U1004,Price Moss,(755) 377-9811,ante.vivamus.non@aol.com,238-2637 Nibh St.,Spain,Male",Belgium,Female
U1026,Hammett Charles,1-413-591-0288,luctus.lobortis@outlook.ca,"U1004,Price Moss,(755) 377-9811,ante.vivamus.non@aol.com,238-2637 Nibh St.,Spain,Male",Brazil,Male
U1027,Ocean Barlow,(327) 121-4288,arcu.morbi.sit@protonmail.com,"U1004,Price Moss,(755) 377-9811,ante.vivamus.non@aol.com,238-2637 Nibh St.,Spain,Male",China,Female
U1028,Gray Brock,1-735-311-2132,vel@icloud.edu,Ap #378-8159 Justo. Avenue,Mexico,Male
U1029,Russell Barlow,1-213-281-8588,est.mauris.eu@aol.ca,"U1004,Price Moss,(755) 377-9811,ante.vivamus.non@aol.com,238-2637 Nibh St.,Spain,Male",China,Female
U1030,Rafael Cohen,(868) 236-1714,ac@icloud.net,Ap #568-5529 Molestie Rd.,Canada,Female
U1031,Chelsea Hardy,1-755-343-5032,dolor.quam.elementum@protonmail.couk,Ap #734-3409 Ultricies Avenue,Germany,Male
U1032,Trevor Rush,(412) 381-8182,non.bibendum.sed@yahoo.net,631-4330 Tellus. St.,Costa Rica,Male
U1033,Marsden Boyer,(208) 285-0025,volutpat.nulla@protonmail.ca,"U1004,Price Moss,(755) 377-9811,ante.vivamus.non@aol.com,238-2637 Nibh St.,Spain,Male",Nigeria,Male
U1034,Xavier Harrison,(516) 599-7724,nullam.vitae@outlook.couk,285-123 Tortor Street,Germany,Female
U1035,Jamalia Pickett,1-106-644-5237,a.feugiat.tellus@google.couk,Ap #250-6915 In St.,Spain,Female
U1036,Jennifer Vinson,(550) 374-5836,dapibus.gravida@yahoo.com,472-7217 Ligula. Street,Russian Federation,Female
U1037,Dorothy Reed,1-733-444-4635,sapien.aenean@icloud.org,863-420 Dolor Av.,Vietnam,Male
U1038,Zoe Palmer,(438) 777-5751,adipiscing.elit.aliquam@google.edu,"U1004,Price Moss,(755) 377-9811,ante.vivamus.non@aol.com,238-2637 Nibh St.,Spain,Male",Vietnam,Female
U1039,Fiona Hart,1-472-524-2932,sem.vitae.aliquam@yahoo.net,972-6702 Sed Av.,France,Male
U1040,Roanna Oneal,1-714-744-8266,et.magnis.dis@outlook.net,"U1004,Price Moss,(755) 377-9811,ante.vivamus.non@aol.com,238-2637 Nibh St.,Spain,Male",Poland,Female
U1041,Orson Bush,(467) 401-1125,morbi@google.couk,"U1004,Price Moss,(755) 377-9811,ante.vivamus.non@aol.com,238-2637 Nibh St.,Spain,Male",Italy,Female
U1042,Hadassah Kirby,1-559-271-6344,phasellus.dapibus.quam@protonmail.net,"U1004,Price Moss,(755) 377-9811,ante.vivamus.non@aol.com,238-2637 Nibh St.,Spain,Male",United States,Female
U1043,Clark Estrada,1-722-973-2810,egestas.urna@outlook.com,3570 In Av.,Australia,Male
U1044,Gil Mckee,(301) 222-9515,convallis@hotmail.net,935-9280 Mauris Av.,United Kingdom,Male
U1045,Zelda Bond,(718) 413-3231,vivamus.euismod.urna@outlook.net,3396 A Avenue,Costa Rica,Female
U1046,Clinton Lynn,1-156-227-6728,eget.lacus.mauris@google.ca,Ap #597-4912 Maecenas Road,United States,Male
U1047,Ivory Glover,1-352-524-3189,aenean@outlook.com,"U1004,Price Moss,(755) 377-9811,ante.vivamus.non@aol.com,238-2637 Nibh St.,Spain,Male",Peru,Female
U1048,Dieter Collins,1-475-473-2697,vehicula.pellentesque.tincidunt@google.ca,Ap #215-5098 Sagittis Av.,Australia,Female
U1049,Cameran Velazquez,(968) 615-8781,duis.risus@google.couk,"U1004,Price Moss,(755) 377-9811,ante.vivamus.non@aol.com,238-2637 Nibh St.,Spain,Male",Belgium,Male
U1050,Gwendolyn Ortiz,(366) 266-7463,metus.aliquam@outlook.edu,Ap #137-7689 Ac Rd.,Chile,Male
U1051,Hedwig Hopper,1-145-961-1412,sapien.cursus@icloud.com,5366 Gravida. St.,United Kingdom,Female
U1052,Griffin Gordon,1-270-301-1672,amet.consectetuer@google.com,"U1054,Philip Fox,1-336-474-8253,neque.sed.eget@aol.net,7657 Pretium Rd.,Costa Rica,Male",Turkey,Male
U1053,Laith Walls,(866) 434-8208,eu.elit@icloud.couk,Ap #497-8461 Commodo Rd.,Italy,Male
U1054,Philip Fox,1-336-474-8253,neque.sed.eget@aol.net,7657 Pretium Rd.,Costa Rica,Male
U1055,Salvador Bridges,(216) 483-4460,suspendisse.non.leo@protonmail.couk,299-1139 Sollicitudin Rd.,Russian Federation,Female
U1056,Dieter Atkins,1-845-722-4168,morbi.vehicula.pellentesque@protonmail.net,619-2373 Lacus. St.,Australia,Female
U1057,Portia Maynard,1-777-701-8105,aenean.massa.integer@outlook.couk,541-4999 Est. Ave,United States,Male
U1058,Alvin Clemons,1-246-846-6512,elit.etiam.laoreet@outlook.ca,"U1054,Philip Fox,1-336-474-8253,neque.sed.eget@aol.net,7657 Pretium Rd.,Costa Rica,Male",Turkey,Female
U1059,Anastasia Byers,(899) 414-6777,in@icloud.org,"U1054,Philip Fox,1-336-474-8253,neque.sed.eget@aol.net,7657 Pretium Rd.,Costa Rica,Male",Chile,Female
U1060,Urielle Rosales,1-837-351-0527,dui.cum.sociis@protonmail.couk,2755 Volutpat. Street,Austria,Male
U1061,Conan Burks,1-705-536-9723,enim.condimentum@protonmail.ca,7119 Dolor. St.,Mexico,Female
U1062,Carl Albert,1-225-350-3185,mus.aenean@icloud.ca,Ap #251-1017 Ipsum Rd.,Belgium,Female
U1063,Orli Herring,(541) 168-7747,nullam.velit@hotmail.edu,147-4416 Sed Av.,Turkey,Female
U1064,Neve Lane,(716) 366-7261,vel.mauris.integer@yahoo.org,3433 Est Rd.,Belgium,Male
U1065,Ingrid Juarez,1-456-335-0555,a.dui.cras@outlook.com,"U1054,Philip Fox,1-336-474-8253,neque.sed.eget@aol.net,7657 Pretium Rd.,Costa Rica,Male",United Kingdom,Male
U1066,Darryl Suarez,1-613-295-5334,eget.venenatis@yahoo.net,"U1054,Philip Fox,1-336-474-8253,neque.sed.eget@aol.net,7657 Pretium Rd.,Costa Rica,Male",Russian Federation,Male
U1067,Nehru Leach,1-551-910-1585,integer@outlook.org,637-3342 Sem Street,Vietnam,Female
U1068,Rigel Wise,(830) 376-6157,sem.magna.nec@aol.com,"U1054,Philip Fox,1-336-474-8253,neque.sed.eget@aol.net,7657 Pretium Rd.,Costa Rica,Male",Peru,Male
U1069,Galvin Shaffer,1-313-689-7221,dolor.quisque@google.couk,"U1054,Philip Fox,1-336-474-8253,neque.sed.eget@aol.net,7657 Pretium Rd.,Costa Rica,Male",China,Female
U1070,Raphael Matthews,1-275-677-2196,in.molestie@aol.com,"U1054,Philip Fox,1-336-474-8253,neque.sed.eget@aol.net,7657 Pretium Rd.,Costa Rica,Male",Canada,Female
U1071,Keiko Cardenas,1-108-441-1552,eget.metus@outlook.edu,3897 Vehicula Ave,New Zealand,Male
U1072,Laura Holman,(478) 579-3624,ac.metus@outlook.ca,253-534 In Ave,Italy,Male
U1073,Mikayla Phelps,(428) 585-5641,fermentum.vel@icloud.edu,3145 Convallis Rd.,Russian Federation,Female
U1074,Samantha Pennington,(975) 838-9565,lobortis@google.com,Ap #584-3057 Molestie Rd.,Netherlands,Female
U1075,Zia Cochran,(270) 745-7737,mattis.semper.dui@yahoo.ca,"U1054,Philip Fox,1-336-474-8253,neque.sed.eget@aol.net,7657 Pretium Rd.,Costa Rica,Male",Turkey,Female
U1076,Kay Case,(711) 254-0269,eu.turpis@yahoo.net,Ap #893-4389 Accumsan Street,China,Female
U1077,Ori Gaines,1-672-340-4817,cursus.purus@google.org,"U1054,Philip Fox,1-336-474-8253,neque.sed.eget@aol.net,7657 Pretium Rd.,Costa Rica,Male",Costa Rica,Male
U1078,Fay Nunez,(725) 113-9785,velit.eget.laoreet@protonmail.edu,Ap #805-4862 Ligula Avenue,Pakistan,Male
U1079,Upton Pace,1-913-357-7485,sed.sapien@aol.couk,9928 Velit Av.,Chile,Female
U1080,Lewis Cooper,1-246-467-7160,bibendum.fermentum@yahoo.org,789 Arcu Av.,Ireland,Male
U1081,Tyrone Maxwell,1-782-616-2721,posuere.vulputate@yahoo.couk,"U1054,Philip Fox,1-336-474-8253,neque.sed.eget@aol.net,7657 Pretium Rd.,Costa Rica,Male",Mexico,Female
U1082,Octavia Sawyer,1-732-808-7356,leo.cras@aol.com,846-5951 Tincidunt Street,Costa Rica,Female
U1083,Connor Bryan,1-489-258-3724,ligula.donec@google.com,Ap #475-5744 Cursus St.,Indonesia,Male
U1084,Orlando Moran,1-470-917-4005,mauris.ipsum.porta@icloud.com,9521 Nec Av.,Russian Federation,Female
U1085,Rachel Ray,(967) 264-4434,ultrices.posuere.cubilia@yahoo.couk,Ap #398-9289 Volutpat. Rd.,Austria,Female
U1086,Phillip Boyer,(621) 639-9712,neque@outlook.org,730-197 Fringilla. Street,Mexico,Male
U1087,Yael Mccarty,(471) 628-8272,molestie.tortor@icloud.com,7129 Erat Av.,Canada,Male
U1088,Rigel Harding,(478) 470-3581,senectus.et.netus@hotmail.org,707-5484 Auctor Ave,Netherlands,Female
U1089,Heather Morales,(838) 175-5665,sem@aol.net,Ap #215-5408 Sapien. Rd.,Austria,Male
U1090,Palmer Pennington,(618) 628-6144,ligula.donec.luctus@outlook.ca,"U1054,Philip Fox,1-336-474-8253,neque.sed.eget@aol.net,7657 Pretium Rd.,Costa Rica,Male",Belgium,Male
U1091,Drew Wilson,1-664-719-7801,mi.pede.nonummy@icloud.ca,Ap #259-2662 Phasellus Av.,New Zealand,Female
U1092,Cody Gibson,(446) 878-0165,tristique.aliquet@hotmail.org,520-7401 Porttitor Rd.,United States,Female
U1093,Claudia Morton,(761) 361-5848,purus@hotmail.net,421-5246 Sollicitudin Avenue,Peru,Male
U1094,Barclay Harrell,(939) 463-3003,rutrum.urna@icloud.org,"U1054,Philip Fox,1-336-474-8253,neque.sed.eget@aol.net,7657 Pretium Rd.,Costa Rica,Male",France,Male
U1095,Cleo Potts,(406) 603-2402,eget.ipsum.suspendisse@google.edu,"U1054,Philip Fox,1-336-474-8253,neque.sed.eget@aol.net,7657 Pretium Rd.,Costa Rica,Male",Belgium,Male
U1096,Daniel Acevedo,1-858-442-4590,ullamcorper.eu@outlook.couk,Ap #882-5925 Morbi St.,Sweden,Male
U1097,Idola Gregory,1-942-888-3666,purus.accumsan@google.ca,Ap #242-6960 Integer Avenue,Germany,Male
U1098,Ivor Johns,1-661-321-5288,arcu.vivamus@yahoo.org,"U1054,Philip Fox,1-336-474-8253,neque.sed.eget@aol.net,7657 Pretium Rd.,Costa Rica,Male",Austria,Male
U1099,Dominique Mclaughlin,1-550-792-1075,consectetuer@hotmail.com,Ap #438-2310 Nam Rd.,Italy,Male
U1100,Todd Talley,1-413-340-4854,donec@protonmail.net,455-4003 Fusce Avenue,Austria,Male
U1101,Bianca Mcintosh,1-575-622-0294,est.ac@outlook.com,Ap #991-934 Metus. Ave,Canada,Female
U1102,Zelenia Mayo,(538) 298-6787,feugiat.lorem.ipsum@yahoo.org,7436 Turpis Avenue,Sweden,Male
U1103,Harding Gallegos,(680) 581-4174,commodo.at@yahoo.net,"U1104,Martin Franks,1-367-862-3785,elementum.dui@google.net,Ap #382-8980 Massa. Rd.,Indonesia,Male",United States,Male
U1104,Martin Franks,1-367-862-3785,elementum.dui@google.net,Ap #382-8980 Massa. Rd.,Indonesia,Male
U1105,Alec Mcdaniel,(534) 782-7268,turpis@google.org,"U1104,Martin Franks,1-367-862-3785,elementum.dui@google.net,Ap #382-8980 Massa. Rd.,Indonesia,Male",Brazil,Female
U1106,Rigel Goff,(132) 845-6364,imperdiet@yahoo.com,Ap #315-1494 Vestibulum Avenue,France,Male
U1107,Sydney Huffman,1-952-676-2472,eu.nulla@aol.ca,"U1104,Martin Franks,1-367-862-3785,elementum.dui@google.net,Ap #382-8980 Massa. Rd.,Indonesia,Male",Germany,Female
U1108,Brody Brady,1-673-825-8583,metus.aenean.sed@icloud.couk,526-244 Vulputate Av.,Indonesia,Female
U1109,Calvin Galloway,1-250-473-7450,integer.id@outlook.couk,5727 Phasellus Rd.,United Kingdom,Female
U1110,Myra Shaw,(732) 923-8562,non.magna.nam@protonmail.com,Ap #437-7885 Tempor St.,Austria,Male
U1111,Austin Michael,1-634-235-0759,sollicitudin.orci@protonmail.com,Ap #841-6975 Eu Avenue,China,Female
U1112,Macon Watts,(988) 490-8831,mi.fringilla.mi@yahoo.couk,Ap #858-6387 Magnis Av.,Costa Rica,Male
U1113,Ashely Delacruz,(505) 843-1771,magna.phasellus.dolor@outlook.couk,656-7246 Convallis St.,China,Male
U1114,Mercedes Carpenter,1-447-605-5241,velit@hotmail.edu,1732 Risus. Rd.,Colombia,Male
U1115,Lesley Howell,1-326-249-5074,a.arcu.sed@outlook.com,Ap #998-827 Hendrerit Ave,New Zealand,Female
U1116,Amir Sandoval,(610) 744-7105,amet.consectetuer@protonmail.ca,258-4021 Tellus. Road,Belgium,Female
U1117,Chastity Lambert,1-389-668-6548,eget@protonmail.net,Ap #791-9283 Diam St.,India,Male
U1118,Ezra Wolfe,1-461-807-6411,vivamus.non.lorem@hotmail.edu,3202 Hymenaeos. St.,Australia,Male
U1119,Marsden Patton,(774) 866-1756,pellentesque.ultricies.dignissim@google.couk,"U1104,Martin Franks,1-367-862-3785,elementum.dui@google.net,Ap #382-8980 Massa. Rd.,Indonesia,Male",Pakistan,Female
U1120,Solomon Boyer,(824) 307-2181,egestas@yahoo.edu,"U1104,Martin Franks,1-367-862-3785,elementum.dui@google.net,Ap #382-8980 Massa. Rd.,Indonesia,Male",Peru,Male
U1121,Burke Hudson,1-292-847-4666,nisl.sem@aol.net,Ap #555-1292 Lectus Ave,India,Male
U1122,Ifeoma Cannon,1-116-832-9772,dignissim.pharetra.nam@google.org,622-6832 Pellentesque Street,Indonesia,Male
U1123,April Gutierrez,(745) 656-6936,facilisis.lorem@hotmail.org,769-5284 Et Avenue,Vietnam,Female
U1124,Kai Phillips,1-411-472-2268,sit@outlook.com,888-7921 Erat St.,Belgium,Male
U1125,Alexa Haley,(618) 701-0344,feugiat.metus@outlook.couk,9021 Mauris Ave,United Kingdom,Male
U1126,Madeline Owens,1-473-782-2253,quam.quis.diam@hotmail.ca,Ap #300-6602 Senectus Av.,India,Male
U1127,Raymond Owens,(902) 258-1321,urna.suscipit@google.couk,925-4185 Hendrerit St.,Netherlands,Male
U1128,Cedric Finley,1-788-458-4541,egestas.nunc.sed@icloud.couk,579-5224 Dolor. Ave,Peru,Female
U1129,Gannon Briggs,(406) 424-9902,et.magna@aol.com,509-8543 Arcu. Rd.,New Zealand,Female
U1130,Halee Bush,(834) 665-1343,id.enim@icloud.couk,428-7445 Nascetur Street,Chile,Male
U1131,Lev Dejesus,(674) 477-3289,magna@google.org,430-2738 Justo Avenue,Turkey,Male
U1132,Odysseus Singleton,(188) 986-8679,arcu@google.ca,426-4510 Arcu Street,Germany,Female
U1133,Hammett Johns,(574) 216-1601,phasellus@google.org,"U1104,Martin Franks,1-367-862-3785,elementum.dui@google.net,Ap #382-8980 Massa. Rd.,Indonesia,Male",France,Female
U1134,Amery Dawson,(545) 541-4624,sed.molestie@icloud.net,879-7638 Vitae Avenue,Vietnam,Male
U1135,Camden Morales,1-930-573-4186,mollis@icloud.couk,559-4692 Dolor Road,Poland,Female
U1136,Sopoline Castaneda,(272) 633-0667,egestas@google.edu,894-3895 Ut Rd.,Turkey,Male
U1137,Teagan Hooper,(588) 601-2835,egestas.a@outlook.org,Ap #773-5230 Nam St.,Austria,Female
U1138,Quail Chang,1-462-475-2343,id.magna.et@icloud.ca,"U1104,Martin Franks,1-367-862-3785,elementum.dui@google.net,Ap #382-8980 Massa. Rd.,Indonesia,Male",New Zealand,Female
U1139,Astra Fitzpatrick,1-497-832-5563,morbi.sit@google.ca,"U1104,Martin Franks,1-367-862-3785,elementum.dui@google.net,Ap #382-8980 Massa. Rd.,Indonesia,Male",United States,Female
U1140,Kato Kirby,(918) 473-4429,feugiat@google.net,6124 Sed Rd.,South Korea,Female
U1141,Indigo Charles,(724) 466-1663,diam@aol.com,Ap #327-6260 Sed St.,France,Male
U1142,Lee Oneil,(510) 448-5990,accumsan.sed@protonmail.couk,"U1104,Martin Franks,1-367-862-3785,elementum.dui@google.net,Ap #382-8980 Massa. Rd.,Indonesia,Male",Germany,Female
U1143,Sylvester Callahan,1-766-385-4228,aliquet.libero.integer@icloud.com,504-7996 Morbi St.,South Korea,Male
U1144,Jayme Shepard,(965) 625-5836,ac.libero@yahoo.com,481 Fringilla Road,United States,Male
U1145,Salvador Bowman,(761) 703-2038,ante@outlook.net,Ap #313-8520 Diam Road,Brazil,Male
U1146,Reese Huff,1-475-612-8237,orci.adipiscing.non@hotmail.edu,554-7531 Ut Road,Germany,Male
U1147,Tate Brady,1-739-174-3935,tempor.diam.dictum@aol.couk,"U1104,Martin Franks,1-367-862-3785,elementum.dui@google.net,Ap #382-8980 Massa. Rd.,Indonesia,Male",Australia,Female
U1148,Dana Reilly,(830) 562-3414,feugiat.placerat@yahoo.com,"U1104,Martin Franks,1-367-862-3785,elementum.dui@google.net,Ap #382-8980 Massa. Rd.,Indonesia,Male",Costa Rica,Male
U1149,Daryl Vazquez,1-819-282-8575,elit.aliquam@icloud.com,295-8112 Lacus. Road,Poland,Female
U1150,Rose Ingram,(651) 259-6294,vel.arcu@icloud.ca,166-2885 Sed Street,Germany,Female
U1151,Octavius Black,1-358-661-5954,erat.volutpat@icloud.couk,822-1194 Nisl. St.,Peru,Male
U1152,Paul Graham,(820) 807-0189,id.libero@google.ca,"U1154,Ursa Hobbs,1-683-323-3541,quisque@icloud.ca,380-419 Vitae, Road,Nigeria,Female",Poland,Female
U1153,Zephania Church,1-776-520-6601,est@protonmail.org,610-9773 Tellus. Av.,United Kingdom,Male
U1154,Ursa Hobbs,1-683-323-3541,quisque@icloud.ca,"U1154,Ursa Hobbs,1-683-323-3541,quisque@icloud.ca,380-419 Vitae, Road,Nigeria,Female",Nigeria,Female
U1155,Berk Fox,(216) 885-6525,vivamus@yahoo.couk,Ap #743-3825 Purus. Ave,Costa Rica,Female
U1156,Arthur Tillman,(972) 106-8288,nulla.dignissim@outlook.org,681-2210 Orci. St.,Costa Rica,Female
U1157,Kellie Simmons,1-525-830-5787,dolor.fusce@protonmail.edu,Ap #159-1226 Arcu. St.,New Zealand,Female
U1158,Aurelia Wells,1-499-971-8833,mauris@protonmail.edu,"U1154,Ursa Hobbs,1-683-323-3541,quisque@icloud.ca,380-419 Vitae, Road,Nigeria,Female",United Kingdom,Male
U1159,Rosalyn Pennington,1-549-360-6403,neque.pellentesque@protonmail.com,Ap #357-9092 Mauris St.,New Zealand,Female
U1160,Maya Osborn,(826) 451-1282,mauris.a.nunc@yahoo.net,Ap #431-418 Ultricies Rd.,Ireland,Female
U1161,Astra Armstrong,(650) 618-7254,odio.etiam@hotmail.net,"U1154,Ursa Hobbs,1-683-323-3541,quisque@icloud.ca,380-419 Vitae, Road,Nigeria,Female",Costa Rica,Male
U1162,Kevyn Fields,1-511-940-8712,ipsum.dolor@outlook.edu,"U1154,Ursa Hobbs,1-683-323-3541,quisque@icloud.ca,380-419 Vitae, Road,Nigeria,Female",Spain,Male
U1163,Yvonne Perez,1-737-628-1624,lacinia.orci@protonmail.com,"U1154,Ursa Hobbs,1-683-323-3541,quisque@icloud.ca,380-419 Vitae, Road,Nigeria,Female",Russian Federation,Female
U1164,Vernon Keith,1-467-804-1557,placerat.velit@hotmail.com,354-7547 Ipsum Av.,Indonesia,Male
U1165,Duncan Pierce,1-713-892-2075,senectus.et@aol.ca,236-7751 Lobortis Rd.,Austria,Female
U1166,Denise Smith,(986) 671-4703,semper.auctor@aol.ca,"U1154,Ursa Hobbs,1-683-323-3541,quisque@icloud.ca,380-419 Vitae, Road,Nigeria,Female",Mexico,Male
U1167,Keelie Camacho,1-671-880-5244,ipsum.curabitur@icloud.com,Ap #579-4508 Ornare Ave,Australia,Male
U1168,Jonas Kelly,(202) 516-2557,enim@icloud.ca,706-4744 Vestibulum. Av.,Netherlands,Male
U1169,Lacota Rocha,1-778-388-1835,nulla.tempor@icloud.org,Ap #201-2872 Dolor. Avenue,Germany,Female
U1170,Hope Gallegos,(645) 674-7284,nec@outlook.ca,391-5042 Amet St.,Nigeria,Male
U1171,Hop Lopez,(695) 342-9403,cursus.purus@aol.couk,"U1154,Ursa Hobbs,1-683-323-3541,quisque@icloud.ca,380-419 Vitae, Road,Nigeria,Female",Poland,Male
U1172,Cyrus Travis,1-328-249-3061,risus.donec@yahoo.couk,711 Quisque Road,Mexico,Male
U1173,Nathaniel Walters,1-545-687-2985,et.euismod@aol.org,5745 Eget Ave,Brazil,Female
U1174,Penelope Leon,1-463-676-6444,donec.nibh@aol.org,"U1154,Ursa Hobbs,1-683-323-3541,quisque@icloud.ca,380-419 Vitae, Road,Nigeria,Female",New Zealand,Female
U1175,Kessie Williams,(522) 876-1013,in@protonmail.edu,Ap #463-9254 Suspendisse Ave,Spain,Female
U1176,Hop Moon,(657) 333-4126,ipsum.dolor@yahoo.edu,"U1154,Ursa Hobbs,1-683-323-3541,quisque@icloud.ca,380-419 Vitae, Road,Nigeria,Female",Pakistan,Male
U1177,Magee Mcintosh,(217) 441-7241,vivamus.molestie@google.com,1935 Massa Street,France,Male
U1178,Jonas Norton,(616) 549-0526,ultricies.ligula.nullam@aol.org,483-3008 Semper St.,Austria,Female
U1179,Tanek Stark,(442) 422-2808,diam.nunc@hotmail.edu,180-8206 Libero. Avenue,Brazil,Female
U1180,Craig Prince,1-317-597-1722,nam.ligula.elit@protonmail.ca,7345 Consectetuer Road,Poland,Male
U1181,Arthur Snow,1-614-227-6617,ultrices.a.auctor@protonmail.org,"U1154,Ursa Hobbs,1-683-323-3541,quisque@icloud.ca,380-419 Vitae, Road,Nigeria,Female",Colombia,Male
U1182,Zorita Ford,(533) 612-2856,morbi@outlook.net,9754 Adipiscing St.,Russian Federation,Female
U1183,Deborah Parks,1-216-176-5001,egestas.lacinia@protonmail.com,3089 Mus. Ave,Costa Rica,Male
U1184,Chloe Zamora,1-298-784-8316,nunc.ac@icloud.couk,"U1154,Ursa Hobbs,1-683-323-3541,quisque@icloud.ca,380-419 Vitae, Road,Nigeria,Female",Poland,Male
U1185,Octavius Chavez,1-845-516-4384,accumsan@icloud.net,494-9824 Quam. Rd.,Canada,Female
U1186,Erasmus Wiley,1-287-738-6454,primis.in.faucibus@hotmail.org,Ap #711-8250 Ultrices. Ave,United Kingdom,Male
U1187,Adrian Blackburn,1-547-838-7552,sed@outlook.ca,Ap #325-6983 Euismod St.,Pakistan,Male
U1188,Flynn Mosley,(317) 636-4252,duis.cursus@google.com,Ap #891-7791 Mus. Rd.,Brazil,Female
U1189,Kimberley Willis,1-988-501-7156,nibh.quisque.nonummy@icloud.net,Ap #561-4850 Metus. St.,United Kingdom,Female
U1190,Calvin Benton,1-655-950-3621,mollis.nec.cursus@hotmail.org,4480 Bibendum St.,Italy,Female
U1191,Stewart Mathews,1-748-352-0640,tincidunt.donec@protonmail.edu,"U1154,Ursa Hobbs,1-683-323-3541,quisque@icloud.ca,380-419 Vitae, Road,Nigeria,Female",New Zealand,Male
U1192,Macaulay Fields,(587) 265-5678,risus.quisque@aol.couk,7317 Tincidunt St.,United States,Female
U1193,Gail Golden,1-232-955-4547,arcu.eu.odio@yahoo.couk,Ap #622-6081 Tempus Av.,India,Female
U1194,Melanie Byrd,1-511-752-5607,turpis.nec@yahoo.edu,"U1154,Ursa Hobbs,1-683-323-3541,quisque@icloud.ca,380-419 Vitae, Road,Nigeria,Female",China,Male
U1195,Orlando Armstrong,1-785-159-4633,eu.metus@hotmail.edu,Ap #592-8783 Eu Av.,Peru,Female
U1196,Evelyn Noble,(483) 711-8572,iaculis.odio.nam@protonmail.ca,Ap #352-6497 Sed Rd.,Germany,Female
U1197,Roanna Mcintyre,(474) 358-7883,pharetra.nam.ac@yahoo.net,8810 Sed Avenue,Pakistan,Male
U1198,Erasmus Dickerson,(620) 837-5513,nullam.enim@google.net,"U1154,Ursa Hobbs,1-683-323-3541,quisque@icloud.ca,380-419 Vitae, Road,Nigeria,Female",Brazil,Male
U1199,Nevada Garcia,1-383-434-6282,nulla.facilisi@hotmail.edu,6190 Aliquam Av.,Pakistan,Female
U1200,Martin Gibbs,1-425-327-0573,turpis.in.condimentum@aol.couk,Ap #635-6186 Vehicula. Street,Costa Rica,Male
U1201,Colorado Sherman,(732) 382-1384,tortor@yahoo.com,235-5754 Metus. St.,Austria,Female
U1202,Drew Knapp,1-518-527-4313,erat.in@hotmail.couk,746-6071 Donec St.,Sweden,Male
U1203,Adam Stein,1-976-146-3461,sed@aol.ca,Ap #592-7216 Augue Road,Mexico,Female
U1204,Rudyard Carey,(255) 137-5510,donec.nibh@outlook.net,687-6578 Molestie St.,United Kingdom,Male
U1205,Cain Nguyen,(323) 525-8544,pharetra@icloud.com,601-2543 Tempus Ave,South Korea,Male
U1206,Denton Compton,(573) 799-5441,donec@aol.edu,268-2090 Suscipit Av.,Austria,Female
U1207,Daphne Abbott,1-287-828-9173,risus.at@icloud.couk,Ap #688-4359 Felis Av.,Italy,Male
U1208,Halla Johnson,(231) 586-2358,condimentum.donec.at@yahoo.net,Ap #973-9166 Suspendisse Av.,Nigeria,Male
U1209,Macaulay Fleming,1-312-399-4856,rutrum.fusce.dolor@google.edu,"U1204,Rudyard Carey,(255) 137-5510,donec.nibh@outlook.net,687-6578 Molestie St.,United Kingdom,Male",China,Female
U1210,Reagan Whitley,(148) 795-5333,vestibulum.ante@aol.com,995-748 Amet Av.,Sweden,Female
U1211,Larissa Acosta,(374) 275-8441,risus.nunc.ac@yahoo.org,Ap #391-1561 Gravida St.,France,Female
U1212,Althea Barton,(170) 342-1966,mauris.id@hotmail.org,737-2138 Ultricies Av.,Chile,Female
U1213,Beau Maddox,(825) 313-4877,curabitur.egestas@aol.edu,6303 Sem St.,South Korea,Female
U1214,Doris Cummings,1-517-232-9427,risus.morbi.metus@hotmail.org,610-2545 Nec Street,France,Male
U1215,Elton Valentine,(986) 818-3880,vulputate.posuere.vulputate@outlook.ca,"U1204,Rudyard Carey,(255) 137-5510,donec.nibh@outlook.net,687-6578 Molestie St.,United Kingdom,Male",Poland,Male
U1216,Erasmus Schneider,(251) 975-9156,consequat@aol.org,319-5723 Nulla Avenue,Indonesia,Female
U1217,Meghan Landry,1-736-849-6711,malesuada@protonmail.net,"U1204,Rudyard Carey,(255) 137-5510,donec.nibh@outlook.net,687-6578 Molestie St.,United Kingdom,Male",United States,Female
U1218,Daryl Armstrong,(531) 842-4292,tempor.augue@hotmail.net,"U1204,Rudyard Carey,(255) 137-5510,donec.nibh@outlook.net,687-6578 Molestie St.,United Kingdom,Male",Indonesia,Female
U1219,Stacey Stanley,1-617-756-1691,malesuada@hotmail.couk,"U1204,Rudyard Carey,(255) 137-5510,donec.nibh@outlook.net,687-6578 Molestie St.,United Kingdom,Male",Indonesia,Male
U1220,Priscilla Holland,(521) 657-5278,ipsum.curabitur.consequat@google.net,"U1204,Rudyard Carey,(255) 137-5510,donec.nibh@outlook.net,687-6578 Molestie St.,United Kingdom,Male",Vietnam,Male
U1221,Aurora Rhodes,1-252-386-3840,arcu.imperdiet@protonmail.couk,Ap #773-3833 Ridiculus Rd.,France,Female
U1222,Boris Salinas,(764) 342-4435,diam.lorem@outlook.ca,"U1204,Rudyard Carey,(255) 137-5510,donec.nibh@outlook.net,687-6578 Molestie St.,United Kingdom,Male",New Zealand,Female
U1223,Blaze Eaton,1-280-676-5645,sed.id.risus@yahoo.com,"U1204,Rudyard Carey,(255) 137-5510,donec.nibh@outlook.net,687-6578 Molestie St.,United Kingdom,Male",Vietnam,Female
U1224,Carlos Frazier,(233) 141-0154,mi.lorem.vehicula@google.edu,686-4999 Dolor. Ave,Peru,Male
U1225,Bertha Vargas,1-320-657-7967,nec.luctus@outlook.org,5962 Cursus St.,Germany,Male
U1226,Vernon Tillman,(532) 377-9594,posuere.cubilia@google.net,412-2414 In Rd.,Brazil,Female
U1227,Regina Ware,1-766-357-7427,sit.amet@icloud.com,"U1204,Rudyard Carey,(255) 137-5510,donec.nibh@outlook.net,687-6578 Molestie St.,United Kingdom,Male",Belgium,Female
U1228,Hayes Galloway,1-748-747-9764,dolor.quam@outlook.couk,Ap #385-6783 Iaculis Rd.,South Korea,Male
U1229,Baxter Lowery,1-531-987-7836,dolor.quisque@yahoo.net,801-9401 Libero St.,United States,Male
U1230,Dale Fitzpatrick,1-734-389-1445,feugiat.non.lobortis@hotmail.edu,895-9620 Duis Street,Russian Federation,Male
U1231,Dawn Hunter,(642) 267-9163,velit.in@aol.couk,"U1204,Rudyard Carey,(255) 137-5510,donec.nibh@outlook.net,687-6578 Molestie St.,United Kingdom,Male",China,Female
U1232,Illana Ruiz,1-722-973-0062,auctor.nunc.nulla@icloud.couk,588 Molestie Avenue,Russian Federation,Male
U1233,Kristen Horn,1-132-726-4126,mollis@hotmail.edu,Ap #756-7135 Diam Ave,Indonesia,Male
U1234,Wesley Logan,(836) 836-7838,bibendum.ullamcorper@aol.com,Ap #823-7559 Mauris Rd.,Russian Federation,Female
U1235,Hakeem Gill,(384) 286-9804,aenean@hotmail.org,Ap #784-1712 Facilisis Av.,United Kingdom,Male
U1236,Shannon O'brien,(540) 258-5452,urna@hotmail.com,Ap #474-6520 Integer Av.,France,Female
U1237,Brennan Wilson,(735) 713-6646,lobortis.tellus@yahoo.ca,Ap #519-8384 Nulla Ave,Belgium,Female
U1238,Colt Burgess,(129) 345-3738,ligula.aenean@yahoo.com,140-3197 Euismod Road,Poland,Female
U1239,Arden Roach,(560) 936-7020,justo.nec.ante@protonmail.com,4302 Egestas Rd.,France,Male
U1240,Nehru Sargent,(543) 257-1494,nisl@outlook.couk,"U1204,Rudyard Carey,(255) 137-5510,donec.nibh@outlook.net,687-6578 Molestie St.,United Kingdom,Male",Mexico,Male
U1241,Beck Sandoval,(407) 536-6884,turpis.vitae.purus@aol.net,Ap #607-1060 Ornare Rd.,Spain,Female
U1242,Jessica King,1-355-554-4869,morbi@hotmail.com,408-8519 Quis St.,Turkey,Female
U1243,Galena Gibbs,1-876-746-5138,eu.dolor@icloud.ca,3526 Luctus Av.,Sweden,Male
U1244,Alvin Lowery,1-382-732-9859,tempor.bibendum@outlook.org,"U1204,Rudyard Carey,(255) 137-5510,donec.nibh@outlook.net,687-6578 Molestie St.,United Kingdom,Male",China,Male
U1245,Maia Ward,1-166-408-1858,in.scelerisque.scelerisque@icloud.couk,364-8098 Nam Road,France,Female
U1246,Reece Wooten,1-630-263-3577,inceptos.hymenaeos.mauris@aol.couk,205-4717 Dui. Avenue,Italy,Male
U1247,Isabella Rose,(189) 929-4249,semper.pretium@google.couk,853-1275 Nisi Avenue,United States,Female
U1248,Genevieve Simpson,1-905-478-5146,facilisis.magna@aol.ca,9069 Cras Road,Austria,Male
U1249,Chandler Wise,1-720-632-5603,risus.nunc@yahoo.ca,"U1204,Rudyard Carey,(255) 137-5510,donec.nibh@outlook.net,687-6578 Molestie St.,United Kingdom,Male",Belgium,Female
U1250,Castor Dillon,1-581-335-2123,mauris@protonmail.couk,6579 Torquent Rd.,Netherlands,Female
U1251,Aileen Kerr,(179) 856-5255,nulla.cras.eu@yahoo.net,Ap #322-1663 Blandit St.,Chile,Female
U1252,Hop Lang,(235) 155-7330,massa@outlook.com,Ap #548-552 Quis St.,United States,Female
U1253,Celeste Snow,(349) 325-2009,donec.vitae.erat@icloud.com,993-2488 Ante St.,Brazil,Female
U1254,Melodie Hopkins,1-637-476-1312,eros@aol.com,396-387 Velit. Rd.,Brazil,Male
U1255,Amanda Fry,1-546-615-4031,vulputate@outlook.edu,825-6771 Dignissim St.,Pakistan,Female
U1256,Jaquelyn Joyce,1-521-444-6930,fringilla@yahoo.couk,306-5490 Egestas Rd.,Costa Rica,Female
U1257,Fulton Hill,(261) 459-7784,ullamcorper.eu@outlook.com,Ap #923-7485 Ligula Road,Turkey,Female
U1258,Jasmine Bennett,(430) 382-4525,sapien.molestie@aol.net,246-9066 Semper Rd.,Italy,Female
U1259,Nita Hull,(963) 422-3616,arcu.vel@outlook.org,Ap #248-3774 Elementum Avenue,Sweden,Female
U1260,Kelsie Fletcher,1-957-608-5213,ipsum.primis.in@icloud.net,Ap #876-4970 Non Road,Indonesia,Female
U1261,Grady Leblanc,(973) 663-1603,tristique.neque@aol.edu,"U1254,Melodie Hopkins,1-637-476-1312,eros@aol.com,396-387 Velit. Rd.,Brazil,Male",South Korea,Female
U1262,Francesca Bradford,(567) 543-2881,enim.commodo.hendrerit@google.edu,Ap #439-1165 Duis St.,Brazil,Female
U1263,Ezekiel Mendoza,1-992-450-0539,pharetra.quisque@outlook.couk,Ap #174-754 Malesuada Rd.,India,Female
U1264,Devin Walters,1-636-435-8864,eu@hotmail.couk,659-1796 Eu Street,New Zealand,Male
U1265,Jana Craft,1-584-231-3316,a.mi@icloud.org,"U1254,Melodie Hopkins,1-637-476-1312,eros@aol.com,396-387 Velit. Rd.,Brazil,Male",South Korea,Male
U1266,Cadman Lawrence,1-227-801-0780,non.enim.commodo@google.ca,"U1254,Melodie Hopkins,1-637-476-1312,eros@aol.com,396-387 Velit. Rd.,Brazil,Male",Italy,Female
U1267,Aladdin Duncan,(478) 357-7218,sem.vitae@icloud.org,165-9287 Arcu. Street,Chile,Female
U1268,Benjamin Delgado,(885) 483-1127,urna.nullam@protonmail.ca,6222 Luctus Avenue,Ireland,Male
U1269,Beck Malone,(726) 325-2468,urna.suscipit@yahoo.ca,894-4682 Sollicitudin Rd.,China,Female
U1270,Lamar Hogan,1-156-273-4728,neque@icloud.ca,5222 Elit Av.,Austria,Female
U1271,Chaney Clark,(261) 962-4180,ante.blandit@hotmail.net,"U1254,Melodie Hopkins,1-637-476-1312,eros@aol.com,396-387 Velit. Rd.,Brazil,Male",Austria,Male
U1272,Chaim Dejesus,1-452-569-4318,mauris.magna@icloud.org,Ap #223-5355 Molestie. Road,Spain,Male
U1273,Reuben Mendoza,(377) 480-2327,scelerisque@protonmail.edu,432-7118 Lacinia Ave,United Kingdom,Male
U1274,Brenda Benton,1-931-840-7145,hendrerit.id@outlook.couk,"U1254,Melodie Hopkins,1-637-476-1312,eros@aol.com,396-387 Velit. Rd.,Brazil,Male",Italy,Female
U1275,Ebony Conley,1-905-891-2031,molestie.arcu@google.net,2820 Senectus Av.,France,Male
U1276,Joel Farley,1-273-121-1148,suspendisse.sed.dolor@hotmail.edu,"U1254,Melodie Hopkins,1-637-476-1312,eros@aol.com,396-387 Velit. Rd.,Brazil,Male",United States,Male
U1277,Christine Lott,1-269-684-2751,cursus.vestibulum.mauris@hotmail.couk,"U1254,Melodie Hopkins,1-637-476-1312,eros@aol.com,396-387 Velit. Rd.,Brazil,Male",Chile,Male
U1278,Rebecca Farrell,(868) 729-4359,donec.luctus@yahoo.org,685-4915 Malesuada St.,Canada,Male
U1279,Amelia Gentry,(483) 288-1962,a.magna@google.net,720-7333 Magnis St.,Nigeria,Female
U1280,Beck Livingston,(592) 506-3181,montes@hotmail.org,358-7543 Ad Rd.,Turkey,Male
U1281,Theodore Bender,(550) 732-2063,pellentesque.massa.lobortis@outlook.edu,Ap #120-9246 Sociosqu Rd.,Peru,Male
U1282,Reuben Weeks,(148) 765-5595,eu.accumsan@hotmail.org,Ap #788-2304 In Av.,Russian Federation,Female
U1283,Aidan Whitley,(447) 415-6982,pede.cum.sociis@protonmail.net,"U1254,Melodie Hopkins,1-637-476-1312,eros@aol.com,396-387 Velit. Rd.,Brazil,Male",Austria,Female
U1284,Kyla Merrill,1-732-691-7844,tellus.id@icloud.edu,"U1254,Melodie Hopkins,1-637-476-1312,eros@aol.com,396-387 Velit. Rd.,Brazil,Male",Peru,Female
U1285,Sarah Moran,(773) 311-3486,nulla.semper@yahoo.org,812-4399 Nulla. Avenue,Australia,Male
U1286,Justin Rasmussen,1-220-654-0139,tincidunt.nibh@yahoo.edu,Ap #232-1229 Blandit Rd.,Italy,Male
U1287,Malachi Aguilar,1-852-718-7158,odio.sagittis@icloud.ca,1625 Habitant Rd.,South Korea,Female
U1288,Carl Holcomb,(485) 778-1380,mi.tempor@google.com,804-4871 Metus. Ave,Peru,Female
U1289,Akeem Hatfield,(683) 396-8187,et.libero@google.couk,9689 Ligula. Rd.,Netherlands,Male
U1290,Shelley Abbott,(257) 304-7884,sem.pellentesque@yahoo.couk,136-1934 Justo. Ave,New Zealand,Female
U1291,Indira Kelley,1-825-514-7418,molestie@yahoo.couk,865-7013 Aliquam Street,Indonesia,Male
U1292,Caldwell Stevens,(326) 643-2211,donec.tempor.est@yahoo.com,"U1254,Melodie Hopkins,1-637-476-1312,eros@aol.com,396-387 Velit. Rd.,Brazil,Male",Belgium,Female
U1293,Nyssa Underwood,(729) 870-7188,accumsan@outlook.ca,3191 Nisl. St.,South Korea,Male
U1294,Blossom Hester,(941) 281-0716,donec.vitae@icloud.ca,734-6872 Ante Street,Belgium,Female
U1295,Maisie Langley,1-235-875-1253,lobortis@google.com,"U1254,Melodie Hopkins,1-637-476-1312,eros@aol.com,396-387 Velit. Rd.,Brazil,Male",Germany,Female
U1296,Tasha Espinoza,(202) 482-7564,sit@aol.com,2179 Cursus Street,Costa Rica,Female
U1297,Mercedes Gill,1-674-586-8504,suspendisse.eleifend@icloud.ca,Ap #399-2658 Ligula. Street,Belgium,Female
U1298,Uriah Bowen,(776) 855-1604,at@icloud.org,"U1254,Melodie Hopkins,1-637-476-1312,eros@aol.com,396-387 Velit. Rd.,Brazil,Male",Italy,Male
U1299,Cade Woodward,(364) 581-2746,aliquam@yahoo.edu,543-4936 Dui Rd.,United Kingdom,Male
